{
  "corners": [
    [
      36.0,
      57.33332824707031
    ],
    [
      434.0,
      57.33332824707031
    ],
    [
      435.0,
      456.33331298828125
    ],
    [
      36.0,
      453.33331298828125
    ]
  ],
  "board": [
    [
      0,
      0,
      2,
      0,
      0,
      0,
      0,
      0,
      9
    ],
    [
      0,
      3,
      0,
      0,
      0,
      6,
      0,
      1,
      0
    ],
    [
      5,
      0,
      9,
      0,
      0,
      4,
      0,
      0,
      0
    ],
    [
      0,
      0,
      0,
      7,
      1,
      0,
      9,
      0,
      0
    ],
    [
      6,
      0,
      1,
      0,
      0,
      0,
      3,
      0,
      2
    ],
    [
      0,
      0,
      4,
      0,
      9,
      2,
      0,
      0,
      0
    ],
    [
      0,
      0,
      0,
      5,
      0,
      0,
      1,
      0,
      8
    ],
    [
      0,
      4,
      0,
      3,
      0,
      0,
      0,
      6,
      0
    ],
    [
      1,
      0,
      0,
      0,
      0,
      0,
      4,
      0,
      0
    ]
  ]
}