{
  "corners": [
    [
      135.0,
      16.979156494140625
    ],
    [
      525.0,
      17.979156494140625
    ],
    [
      524.0,
      408.3125
    ],
    [
      135.0,
      408.3125
    ]
  ],
  "board": [
    [
      0,
      0,
      9,
      0,
      0,
      0,
      8,
      0,
      0
    ],
    [
      0,
      6,
      0,
      0,
      0,
      0,
      0,
      4,
      0
    ],
    [
      3,
      0,
      0,
      1,
      4,
      2,
      0,
      0,
      9
    ],
    [
      0,
      1,
      4,
      0,
      0,
      0,
      9,
      6,
      0
    ],
    [
      0,
      0,
      5,
      6,
      0,
      9,
      7,
      0,
      0
    ],
    [
      0,
      0,
      8,
      0,
      0,
      0,
      2,
      0,
      0
    ],
    [
      0,
      0,
      6,
      0,
      0,
      0,
      3,
      0,
      0
    ],
    [
      0,
      0,
      0,
      9,
      0,
      5,
      0,
      0,
      0
    ],
    [
      0,
      0,
      0,
      0,
      1,
      0,
      0,
      0,
      0
    ]
  ]
}