{
  "corners": [
    [
      60.0,
      126.33332824707031
    ],
    [
      381.0,
      124.33332824707031
    ],
    [
      381.0,
      447.3333435058594
    ],
    [
      60.0,
      446.3333435058594
    ]
  ],
  "board": [
    [
      0,
      7,
      0,
      8,
      0,
      9,
      0,
      1,
      0
    ],
    [
      3,
      0,
      9,
      6,
      0,
      0,
      0,
      0,
      5
    ],
    [
      0,
      6,
      1,
      2,
      4,
      0,
      7,
      0,
      0
    ],
    [
      0,
      3,
      0,
      0,
      6,
      1,
      5,
      0,
      0
    ],
    [
      9,
      5,
      0,
      3,
      2,
      4,
      0,
      0,
      8
    ],
    [
      1,
      2,
      0,
      0,
      0,
      0,
      6,
      0,
      0
    ],
    [
      6,
      0,
      5,
      0,
      0,
      0,
      2,
      3,
      0
    ],
    [
      2,
      0,
      0,
      0,
      0,
      0,
      0,
      0,
      7
    ],
    [
      0,
      1,
      8,
      5,
      0,
      0,
      0,
      6,
      4
    ]
  ]
}