{
  "corners": [
    [
      149.8285675048828,
      281.5618896484375
    ],
    [
      447.3143005371094,
      281.5618896484375
    ],
    [
      446.22857666015625,
      581.2190551757812
    ],
    [
      146.57142639160156,
      577.9619140625
    ]
  ],
  "board": [
    [
      0,
      0,
      6,
      0,
      4,
      8,
      0,
      7,
      0
    ],
    [
      0,
      0,
      2,
      9,
      0,
      0,
      0,
      3,
      0
    ],
    [
      0,
      0,
      0,
      0,
      0,
      0,
      0,
      0,
      4
    ],
    [
      0,
      4,
      0,
      0,
      9,
      0,
      0,
      0,
      6
    ],
    [
      8,
      0,
      5,
      0,
      0,
      0,
      4,
      0,
      3
    ],
    [
      2,
      0,
      0,
      0,
      3,
      0,
      0,
      8,
      0
    ],
    [
      1,
      0,
      0,
      0,
      0,
      0,
      0,
      0,
      0
    ],
    [
      0,
      3,
      0,
      0,
      0,
      5,
      8,
      0,
      0
    ],
    [
      0,
      5,
      0,
      3,
      7,
      0,
      6,
      0,
      0
    ]
  ]
}