{
  "corners": [
    [
      165.53143310546875,
      23.962499618530273
    ],
    [
      810.6171264648438,
      154.19679260253906
    ],
    [
      659.69140625,
      812.6710815429688
    ],
    [
      9.737142562866211,
      656.8767700195312
    ]
  ],
  "board": [
    [
      0,
      0,
      0,
      2,
      0,
      8,
      0,
      0,
      6
    ],
    [
      0,
      0,
      6,
      9,
      0,
      0,
      0,
      4,
      0
    ],
    [
      0,
      3,
      0,
      0,
      5,
      0,
      0,
      0,
      0
    ],
    [
      8,
      9,
      0,
      0,
      0,
      2,
      0,
      0,
      4
    ],
    [
      0,
      0,
      7,
      0,
      0,
      0,
      6,
      0,
      0
    ],
    [
      5,
      0,
      0,
      7,
      0,
      0,
      0,
      9,
      1
    ],
    [
      0,
      0,
      0,
      0,
      7,
      0,
      0,
      1,
      0
    ],
    [
      0,
      2,
      0,
      0,
      0,
      6,
      7,
      0,
      0
    ],
    [
      1,
      0,
      0,
      4,
      0,
      5,
      0,
      0,
      0
    ]
  ]
}