{
  "corners": [
    [
      31.0,
      63.33332824707031
    ],
    [
      403.0,
      65.33332824707031
    ],
    [
      402.0,
      438.3333435058594
    ],
    [
      26.0,
      441.3333435058594
    ]
  ],
  "board": [
    [
      0,
      0,
      0,
      2,
      3,
      0,
      0,
      0,
      0
    ],
    [
      0,
      6,
      7,
      0,
      0,
      0,
      9,
      2,
      0
    ],
    [
      0,
      9,
      0,
      0,
      0,
      7,
      0,
      3,
      0
    ],
    [
      0,
      0,
      4,
      0,
      7,
      0,
      0,
      0,
      8
    ],
    [
      6,
      0,
      0,
      4,
      0,
      2,
      0,
      0,
      1
    ],
    [
      7,
      0,
      0,
      0,
      1,
      0,
      6,
      0,
      0
    ],
    [
      0,
      7,
      0,
      6,
      0,
      0,
      0,
      1,
      0
    ],
    [
      0,
      1,
      8,
      0,
      0,
      0,
      3,
      7,
      0
    ],
    [
      0,
      0,
      0,
      0,
      5,
      1,
      0,
      0,
      0
    ]
  ]
}