{
  "corners": [
    [
      38.0,
      163.3333282470703
    ],
    [
      428.0,
      162.3333282470703
    ],
    [
      427.0,
      554.3333129882812
    ],
    [
      37.0,
      555.3333129882812
    ]
  ],
  "board": [
    [
      0,
      6,
      0,
      1,
      0,
      0,
      0,
      0,
      8
    ],
    [
      0,
      0,
      0,
      0,
      2,
      8,
      6,
      0,
      0
    ],
    [
      0,
      0,
      1,
      0,
      0,
      0,
      0,
      7,
      0
    ],
    [
      2,
      5,
      9,
      0,
      0,
      4,
      0,
      6,
      0
    ],
    [
      0,
      0,
      7,
      0,
      0,
      3,
      0,
      0,
      0
    ],
    [
      6,
      8,
      0,
      7,
      5,
      0,
      0,
      0,
      0
    ],
    [
      0,
      0,
      8,
      3,
      4,
      0,
      0,
      0,
      6
    ],
    [
      0,
      3,
      0,
      0,
      0,
      1,
      0,
      5,
      0
    ],
    [
      7,
      0,
      0,
      9,
      0,
      0,
      0,
      1,
      3
    ]
  ]
}