{
  "corners": [
    [
      18.0,
      11.333332061767578
    ],
    [
      345.0,
      19.333332061767578
    ],
    [
      348.0,
      343.3333435058594
    ],
    [
      7.0,
      341.3333435058594
    ]
  ],
  "board": [
    [
      0,
      1,
      4,
      0,
      0,
      0,
      3,
      0,
      0
    ],
    [
      0,
      0,
      0,
      8,
      0,
      0,
      9,
      4,
      0
    ],
    [
      2,
      0,
      0,
      0,
      6,
      0,
      5,
      0,
      8
    ],
    [
      0,
      0,
      0,
      0,
      0,
      5,
      0,
      9,
      0
    ],
    [
      0,
      7,
      1,
      0,
      0,
      0,
      2,
      8,
      0
    ],
    [
      0,
      6,
      0,
      9,
      0,
      0,
      0,
      0,
      0
    ],
    [
      1,
      0,
      5,
      0,
      2,
      0,
      0,
      0,
      4
    ],
    [
      0,
      2,
      3,
      0,
      0,
      8,
      0,
      0,
      0
    ],
    [
      0,
      0,
      9,
      0,
      0,
      0,
      8,
      6,
      0
    ]
  ]
}