{
  "corners": [
    [
      242.2371368408203,
      197.5304718017578
    ],
    [
      706.182861328125,
      204.37332153320312
    ],
    [
      725.3428344726562,
      613.576171875
    ],
    [
      254.55429077148438,
      653.2647705078125
    ]
  ],
  "board": [
    [
      0,
      5,
      0,
      9,
      8,
      0,
      0,
      6,
      0
    ],
    [
      2,
      0,
      0,
      0,
      0,
      0,
      0,
      0,
      5
    ],
    [
      0,
      0,
      1,
      0,
      0,
      7,
      0,
      0,
      0
    ],
    [
      5,
      0,
      0,
      2,
      0,
      0,
      9,
      0,
      0
    ],
    [
      4,
      0,
      0,
      0,
      0,
      0,
      0,
      0,
      3
    ],
    [
      0,
      0,
      3,
      0,
      0,
      4,
      0,
      0,
      2
    ],
    [
      0,
      0,
      0,
      7,
      0,
      0,
      3,
      0,
      0
    ],
    [
      8,
      0,
      0,
      0,
      0,
      0,
      0,
      0,
      1
    ],
    [
      0,
      9,
      0,
      0,
      4,
      8,
      0,
      7,
      0
    ]
  ]
}