{
  "corners": [
    [
      9.359999656677246,
      15.599993705749512
    ],
    [
      797.9400024414062,
      14.429993629455566
    ],
    [
      797.9400024414062,
      802.2300415039062
    ],
    [
      9.359999656677246,
      801.0599975585938
    ]
  ],
  "board": [
    [
      0,
      9,
      3,
      4,
      2,
      7,
      5,
      0,
      0
    ],
    [
      0,
      0,
      7,
      0,
      1,
      5,
      3,
      0,
      0
    ],
    [
      0,
      2,
      4,
      6,
      8,
      0,
      0,
      0,
      7
    ],
    [
      3,
      0,
      0,
      7,
      6,
      0,
      2,
      1,
      9
    ],
    [
      6,
      0,
      0,
      0,
      0,
      0,
      0,
      0,
      0
    ],
    [
      0,
      0,
      0,
      1,
      3,
      0,
      0,
      0,
      0
    ],
    [
      4,
      0,
      5,
      8,
      0,
      0,
      9,
      2,
      6
    ],
    [
      0,
      0,
      1,
      2,
      0,
      6,
      0,
      7,
      3
    ],
    [
      0,
      7,
      0,
      0,
      0,
      9,
      8,
      0,
      0
    ]
  ]
}