{
  "corners": [
    [
      82.0,
      79.33332824707031
    ],
    [
      555.0,
      63.33332824707031
    ],
    [
      588.0,
      572.3333129882812
    ],
    [
      40.0,
      561.3333129882812
    ]
  ],
  "board": [
    [
      0,
      0,
      0,
      6,
      0,
      4,
      7,
      0,
      0
    ],
    [
      7,
      0,
      6,
      0,
      0,
      0,
      0,
      0,
      9
    ],
    [
      0,
      0,
      0,
      0,
      0,
      5,
      0,
      8,
      0
    ],
    [
      0,
      7,
      0,
      0,
      2,
      0,
      0,
      9,
      3
    ],
    [
      8,
      0,
      0,
      0,
      0,
      0,
      0,
      0,
      5
    ],
    [
      4,
      3,
      0,
      0,
      1,
      0,
      0,
      7,
      0
    ],
    [
      0,
      5,
      0,
      2,
      0,
      0,
      0,
      0,
      0
    ],
    [
      3,
      0,
      0,
      0,
      0,
      0,
      2,
      0,
      8
    ],
    [
      0,
      0,
      2,
      3,
      0,
      1,
      0,
      0,
      0
    ]
  ]
}