{
  "corners": [
    [
      354.2314147949219,
      129.44284057617188
    ],
    [
      871.3713989257812,
      142.70285034179688
    ],
    [
      928.2000122070312,
      686.3628540039062
    ],
    [
      284.1428527832031,
      692.0457153320312
    ]
  ],
  "board": [
    [
      0,
      0,
      0,
      0,
      6,
      0,
      0,
      0,
      2
    ],
    [
      4,
      0,
      0,
      0,
      1,
      5,
      6,
      0,
      0
    ],
    [
      0,
      0,
      0,
      7,
      0,
      0,
      0,
      9,
      0
    ],
    [
      0,
      0,
      0,
      6,
      0,
      0,
      1,
      0,
      7
    ],
    [
      0,
      7,
      0,
      0,
      0,
      0,
      0,
      8,
      0
    ],
    [
      3,
      0,
      6,
      0,
      0,
      9,
      0,
      0,
      0
    ],
    [
      0,
      5,
      0,
      0,
      0,
      8,
      0,
      0,
      0
    ],
    [
      0,
      0,
      1,
      4,
      9,
      0,
      0,
      0,
      3
    ],
    [
      8,
      0,
      0,
      0,
      5,
      0,
      0,
      0,
      0
    ]
  ]
}