{
  "corners": [
    [
      195.0,
      8.333328247070312
    ],
    [
      546.0,
      7.3333282470703125
    ],
    [
      545.0,
      361.6666564941406
    ],
    [
      194.0,
      362.6666564941406
    ]
  ],
  "board": [
    [
      0,
      0,
      8,
      0,
      2,
      0,
      7,
      0,
      0
    ],
    [
      0,
      0,
      9,
      0,
      5,
      0,
      0,
      2,
      0
    ],
    [
      2,
      0,
      0,
      7,
      0,
      1,
      0,
      0,
      9
    ],
    [
      4,
      2,
      0,
      8,
      0,
      0,
      3,
      0,
      5
    ],
    [
      0,
      0,
      1,
      0,
      0,
      0,
      4,
      9,
      0
    ],
    [
      5,
      0,
      0,
      1,
      3,
      0,
      0,
      0,
      0
    ],
    [
      0,
      0,
      0,
      0,
      0,
      9,
      5,
      0,
      0
    ],
    [
      0,
      0,
      5,
      6,
      0,
      2,
      0,
      7,
      0
    ],
    [
      6,
      8,
      3,
      0,
      0,
      7,
      0,
      4,
      0
    ]
  ]
}