{
  "corners": [
    [
      10.465714454650879,
      13.179041862487793
    ],
    [
      801.2085571289062,
      10.853327751159668
    ],
    [
      800.0457153320312,
      796.9447631835938
    ],
    [
      10.465714454650879,
      800.433349609375
    ]
  ],
  "board": [
    [
      0,
      0,
      7,
      5,
      0,
      0,
      6,
      0,
      3
    ],
    [
      4,
      3,
      0,
      0,
      0,
      6,
      0,
      0,
      5
    ],
    [
      6,
      0,
      8,
      1,
      0,
      9,
      0,
      2,
      7
    ],
    [
      2,
      0,
      6,
      4,
      5,
      0,
      0,
      0,
      0
    ],
    [
      0,
      0,
      1,
      0,
      6,
      0,
      3,
      4,
      0
    ],
    [
      7,
      0,
      0,
      0,
      0,
      8,
      0,
      5,
      0
    ],
    [
      8,
      0,
      0,
      7,
      0,
      0,
      1,
      3,
      0
    ],
    [
      0,
      7,
      4,
      0,
      2,
      0,
      5,
      9,
      0
    ],
    [
      1,
      0,
      9,
      3,
      0,
      5,
      0,
      0,
      0
    ]
  ]
}