{
  "corners": [
    [
      11.657142639160156,
      12.045708656311035
    ],
    [
      799.6799926757812,
      12.045708656311035
    ],
    [
      802.0114135742188,
      803.5657348632812
    ],
    [
      11.657142639160156,
      801.2342529296875
    ]
  ],
  "board": [
    [
      4,
      0,
      0,
      8,
      5,
      0,
      0,
      0,
      3
    ],
    [
      0,
      0,
      0,
      0,
      3,
      4,
      0,
      0,
      0
    ],
    [
      6,
      8,
      3,
      0,
      0,
      9,
      0,
      5,
      4
    ],
    [
      0,
      4,
      0,
      0,
      0,
      0,
      7,
      2,
      0
    ],
    [
      0,
      0,
      6,
      3,
      4,
      0,
      0,
      9,
      0
    ],
    [
      0,
      0,
      1,
      6,
      0,
      2,
      0,
      0,
      5
    ],
    [
      0,
      0,
      0,
      0,
      6,
      8,
      4,
      0,
      9
    ],
    [
      0,
      0,
      8,
      0,
      0,
      3,
      1,
      0,
      2
    ],
    [
      7,
      0,
      4,
      0,
      2,
      1,
      5,
      3,
      8
    ]
  ]
}