{
  "corners": [
    [
      58.0,
      50.33332824707031
    ],
    [
      396.0,
      50.33332824707031
    ],
    [
      398.0,
      390.33331298828125
    ],
    [
      57.0,
      390.33331298828125
    ]
  ],
  "board": [
    [
      0,
      0,
      5,
      0,
      0,
      7,
      6,
      3,
      0
    ],
    [
      6,
      0,
      9,
      0,
      4,
      0,
      0,
      0,
      0
    ],
    [
      2,
      0,
      0,
      0,
      1,
      8,
      0,
      9,
      5
    ],
    [
      1,
      0,
      4,
      0,
      0,
      0,
      0,
      0,
      0
    ],
    [
      0,
      2,
      8,
      0,
      0,
      0,
      9,
      1,
      0
    ],
    [
      0,
      0,
      0,
      0,
      0,
      0,
      7,
      0,
      8
    ],
    [
      7,
      6,
      0,
      8,
      3,
      0,
      0,
      0,
      9
    ],
    [
      0,
      0,
      0,
      0,
      9,
      0,
      3,
      0,
      6
    ],
    [
      0,
      4,
      3,
      7,
      0,
      0,
      8,
      0,
      0
    ]
  ]
}