{
  "corners": [
    [
      11.0,
      13.333328247070312
    ],
    [
      569.0,
      12.333328247070312
    ],
    [
      569.0,
      572.3333129882812
    ],
    [
      11.0,
      568.3333129882812
    ]
  ],
  "board": [
    [
      0,
      0,
      0,
      1,
      0,
      2,
      0,
      0,
      0
    ],
    [
      0,
      6,
      0,
      0,
      0,
      0,
      0,
      7,
      0
    ],
    [
      0,
      0,
      8,
      0,
      0,
      0,
      9,
      0,
      0
    ],
    [
      4,
      0,
      0,
      0,
      0,
      0,
      0,
      0,
      3
    ],
    [
      0,
      5,
      0,
      0,
      0,
      7,
      0,
      0,
      0
    ],
    [
      2,
      0,
      0,
      0,
      8,
      0,
      0,
      0,
      1
    ],
    [
      0,
      0,
      9,
      0,
      0,
      0,
      8,
      0,
      5
    ],
    [
      0,
      7,
      0,
      0,
      0,
      0,
      0,
      6,
      0
    ],
    [
      0,
      0,
      0,
      3,
      0,
      4,
      0,
      0,
      0
    ]
  ]
}