{
  "corners": [
    [
      15.284285545349121,
      18.027612686157227
    ],
    [
      801.837158203125,
      18.419511795043945
    ],
    [
      801.837158203125,
      807.7156982421875
    ],
    [
      14.10857105255127,
      806.5399780273438
    ]
  ],
  "board": [
    [
      0,
      0,
      4,
      3,
      0,
      0,
      0,
      0,
      1
    ],
    [
      0,
      0,
      7,
      0,
      9,
      1,
      2,
      4,
      0
    ],
    [
      1,
      9,
      0,
      0,
      4,
      0,
      8,
      0,
      0
    ],
    [
      7,
      0,
      9,
      2,
      0,
      0,
      5,
      0,
      6
    ],
    [
      0,
      0,
      2,
      0,
      5,
      0,
      0,
      3,
      0
    ],
    [
      0,
      0,
      0,
      0,
      7,
      6,
      9,
      1,
      2
    ],
    [
      4,
      0,
      5,
      0,
      8,
      0,
      0,
      0,
      0
    ],
    [
      2,
      7,
      0,
      0,
      0,
      0,
      1,
      5,
      8
    ],
    [
      0,
      0,
      0,
      6,
      2,
      5,
      3,
      7,
      0
    ]
  ]
}