{
  "corners": [
    [
      289.44000244140625,
      193.4399871826172
    ],
    [
      771.8400268554688,
      204.95999145507812
    ],
    [
      807.8400268554688,
      704.6400146484375
    ],
    [
      257.760009765625,
      706.0800170898438
    ]
  ],
  "board": [
    [
      0,
      3,
      9,
      1,
      0,
      0,
      0,
      0,
      0
    ],
    [
      4,
      0,
      8,
      0,
      6,
      0,
      0,
      0,
      2
    ],
    [
      2,
      0,
      0,
      5,
      8,
      0,
      7,
      0,
      0
    ],
    [
      8,
      0,
      0,
      0,
      0,
      0,
      0,
      0,
      0
    ],
    [
      0,
      2,
      0,
      0,
      0,
      9,
      0,
      0,
      0
    ],
    [
      3,
      0,
      6,
      0,
      0,
      0,
      0,
      4,
      9
    ],
    [
      0,
      0,
      0,
      0,
      1,
      0,
      0,
      3,
      0
    ],
    [
      0,
      4,
      0,
      3,
      0,
      0,
      0,
      0,
      8
    ],
    [
      7,
      0,
      0,
      0,
      0,
      0,
      4,
      0,
      0
    ]
  ]
}