{
  "corners": [
    [
      9.268571853637695,
      13.130470275878906
    ],
    [
      800.5728759765625,
      14.289041519165039
    ],
    [
      800.5728759765625,
      802.8900146484375
    ],
    [
      9.268571853637695,
      802.8900146484375
    ]
  ],
  "board": [
    [
      0,
      6,
      0,
      2,
      0,
      0,
      4,
      1,
      0
    ],
    [
      1,
      8,
      5,
      0,
      2,
      0,
      7,
      0,
      3
    ],
    [
      0,
      0,
      0,
      5,
      0,
      0,
      9,
      2,
      8
    ],
    [
      0,
      9,
      6,
      8,
      0,
      2,
      0,
      5,
      7
    ],
    [
      2,
      1,
      0,
      0,
      4,
      0,
      3,
      0,
      0
    ],
    [
      0,
      5,
      0,
      0,
      0,
      6,
      0,
      8,
      4
    ],
    [
      5,
      0,
      0,
      0,
      0,
      4,
      6,
      0,
      0
    ],
    [
      0,
      0,
      0,
      6,
      1,
      3,
      5,
      4,
      0
    ],
    [
      0,
      0,
      9,
      0,
      0,
      7,
      0,
      0,
      0
    ]
  ]
}